{
  "pages/blog-post": "{{#partial \"page\"}}\n\n{{> components/common/breadcrumbs breadcrumbs=breadcrumbs}}\n\n{{> components/blog/post post=blog.post show_tags=true}}\n\n{{/partial}}\n{{> layout/base}}\n",
  "components/common/breadcrumbs": "<nav aria-label=\"Breadcrumb\">\n    <ol class=\"breadcrumbs\" itemscope itemtype=\"http://schema.org/BreadcrumbList\">\n        {{#unless theme_settings.hide_breadcrumbs }}\n            {{#each breadcrumbs}}\n                <li class=\"breadcrumb {{#if @last}}is-active{{/if}}\" itemprop=\"itemListElement\" itemscope itemtype=\"http://schema.org/ListItem\">\n                    <a class=\"breadcrumb-label\"\n                       itemprop=\"item\"\n                       href=\"{{url}}\"\n                       {{#if @last}}aria-current=\"page\"{{/if}}\n                    >\n                        <span itemprop=\"name\">{{name}}</span>\n                    </a>\n                    <meta itemprop=\"position\" content=\"{{add @index 1}}\" />\n                </li>\n            {{/each}}\n        {{/unless}}\n    </ol>\n</nav>\n",
  "components/blog/post": "<article class=\"blog\">\n    <div class=\"blog-post-figure\">\n        {{#if post.thumbnail}}\n            <figure class=\"blog-thumbnail\">\n                <a href=\"{{post.url}}\">\n                    {{> components/common/responsive-img\n                        image=post.thumbnail\n                        fallback_size=theme_settings.blog_size\n                        lazyload=theme_settings.lazyload_mode\n                    }}\n                </a>\n            </figure>\n        {{/if}}\n    </div>\n\n    <div class=\"blog-post-body\">\n        <header class=\"blog-header\">\n            <h2 class=\"blog-title\">\n                <a href=\"{{post.url}}\">{{post.title}}</a>\n            </h2>\n            <p class=\"blog-date\">{{#if post.author}}{{lang 'blog.posted_by' name=post.author}} on {{/if}}{{post.date_published}}</p>\n        </header>\n\n        <div class=\"blog-post\">\n            {{#if post.body}}\n                {{{post.body}}}\n            {{else}}\n                {{{post.summary}}}\n                {{#if post.show_read_more}}\n                    &hellip; <a href=\"{{url}}\">{{lang 'blog.read_more'}}</a>\n                {{/if}}\n            {{/if}}\n        </div>\n\n\n        {{#if show_tags}}\n            {{#if post.tags}}\n                <ul class=\"tags\">\n                    {{#each post.tags}}\n                    <li class=\"tag\">\n                        <a href=\"{{url}}\">#{{name}}</a>\n                    </li>\n                    {{/each}}\n                </ul>\n            {{/if}}\n        {{/if}}\n\n        {{>components/common/share}}\n\n    </div>\n</article>\n",
  "layout/base": "<!DOCTYPE html>\n<html class=\"no-js\" lang=\"{{ locale_name }}\">\n    <head>\n        <title>{{ head.title }}</title>\n        {{{ resourceHints }}}\n        {{{ head.meta_tags }}}\n        {{{ head.config }}}\n        {{#block \"head\"}} {{/block}}\n\n        <link href=\"{{ head.favicon }}\" rel=\"shortcut icon\">\n        <meta name=\"viewport\" content=\"width=device-width, initial-scale=1, maximum-scale=1\">\n\n        <script>\n            {{!-- Change document class from no-js to js so we can detect this in css --}}\n            document.documentElement.className = document.documentElement.className.replace('no-js', 'js');\n        </script>\n\n        {{> components/common/polyfill-script }}\n\n        {{!-- Load Lazysizes script ASAP so images will appear --}}\n        <script>\n            {{!-- Only load visible elements until the onload event fires, after which preload nearby elements. --}}\n            window.lazySizesConfig = window.lazySizesConfig || {};\n            window.lazySizesConfig.loadMode = 1;\n        </script>\n        <script async src=\"{{cdn 'assets/dist/theme-bundle.head_async.js'}}\"></script>\n\n        {{ getFontsCollection }}\n        {{{stylesheet '/assets/css/theme.css'}}}\n        <style type=\"text/css\" media=\"screen, print\">\n            @font-face {\n            font-family: \"Mechfire\";\n                src: url(\"{{cdn 'fonts/mechfire.eot'}}\"); /* IE9 Compat Modes */\n                src: url(\"{{cdn 'fonts/mechfire.eot?#iefix'}}\"), /* IE6-IE8 */\n                        url(\"{{cdn 'fonts/mechfire.woff2'}}\"), /* Super Modern Browsers */\n                        url(\"{{cdn 'fonts/mechfire.woff'}}\"), /* Pretty Modern Browsers */\n                        url(\"{{cdn 'fonts/mechfire.svg'}}\"); /* Legacy iOS */\n            }\n        </style>\n        {{{head.scripts}}}\n\n        {{~inject 'showAdminBar' theme_settings.show-admin-bar}}\n        {{~inject 'genericError' (lang 'common.generic_error')}}\n        {{~inject 'maintenanceModeSettings' settings.maintenance}}\n        {{~inject 'adminBarLanguage' (langJson 'admin')}}\n        {{~inject 'urls' urls}}\n        {{~inject 'secureBaseUrl' settings.secure_base_url}}\n        {{~inject 'cartId' cart_id}}\n        {{~inject 'channelId' settings.channel_id}}\n        {{~inject 'template' template}}\n    </head>\n    <body>\n        <svg data-src=\"{{cdn 'img/icon-sprite.svg'}}\" class=\"icons-svg-sprite\"></svg>\n\n        {{> components/common/header }}\n        {{> components/common/body }}\n        {{> components/common/footer }}\n\n        <script>window.__webpack_public_path__ = \"{{cdn 'assets/dist/'}}\";</script>\n        <script src=\"{{cdn 'assets/dist/theme-bundle.main.js'}}\"></script>\n        <script>\n            {{!-- Exported in app.js --}}\n            window.stencilBootstrap(\"{{page_type}}\", {{jsContext}}).load();\n        </script>\n\n        {{{footer.scripts}}}\n    </body>\n</html>\n",
  "components/common/responsive-img": "{{!--\nThis file implements the lazysizes srcset pattern (as seen on\nhttps://github.com/aFarkas/lazysizes#modern-transparent-srcset-pattern) for maximum performance on modern browsers\nand reasonable compatibility with legacy browsers.\n\nThere are a few important arguments to know about when using this component:\n`lazyload`:\n    - If set to 'lazyload+lqip', will load a low-res image which will be replaced by lazysizes - ensuring that SOME\n    content is shown immediately on page load. Without LQIP, a transparent gif will be used instead, which reduces\n    the number of requests needed to load the page, making it even faster.\n    - If set to 'lazyload', the browser will not load the full-size image at first, instead the lazysizes plugin will\n        load it progressively after page load. This improves the load speed of the page, but it should be disabled for\n        high-priority above-the-fold images.\n    - If set to 'disabled', will not attempt to lazyload the image and instead tell the browser to load it immediately.\n        Use this for high-priority images that are above the fold.\n\n`fallback_size`:\n    This is the size to use for this image in legacy browsers that do not support srcset.\n    Can be defined as a pixel bounding-box size (e.g. \"123x123) or inherent width (e.g. \"123w\").\n\n`class`:\n    The CSS classes to add to the image, e.g. \"card-image\". If lazyloading is enabled, all images will have the\n    \"lazyload\" class so that lazysizes will target them automatically.\n\n`otherAttributes`:\n    Any other HTML attributes you want on the img tag, for example \"height='100' width='100'\"\n\n`default_image`:\n    The default image to use if `image` is undefined or falsy. Should be a theme asset, usually defined as a relative\n    path in the theme config. If a default image is not provided, you'll get an image tag with no image if the primary\n    image is undefined.\n\n`lqip_size`:\n    If you want to specify a particular size for the LQIP image, you can do so with this argument. A default of 80\n    pixels wide will be used otherwise. This argument has no effect if the lazyload mode is not \"lazyload+lqip\".\n\n--}}\n<img {{#if image}}{{!-- Get the default image for legacy browsers that do not support srcset\n--}}src=\"{{getImageSrcset image 1x=(default fallback_size '160w')}}\" alt=\"{{image.alt}}\" title=\"{{image.alt}}\" {{!--\n  Allow lazysizes to generate the 'sizes' attribute automatically --}}data-sizes=\"auto\"\n  {{#unless lazyload '==' 'disabled'}}\n    {{#if lazyload '==' 'lazyload+lqip'}}\n    {{!-- If we want a LQIP, include it as the default srcset (will be overwritten by lazysizes) --}}\n    srcset=\"{{getImageSrcset image 1x=(default lqip_size '80w')}}\"\n    {{else}}\n      {{!-- If we don't want a LQIP, use a 1px transparent gif for the stand-in image\n            This requires no additional network request, so it's fast --}}\n    srcset=\"data:image/gif;base64,R0lGODlhAQABAIAAAP///wAAACH5BAEAAAAALAAAAAABAAEAAAICRAEAOw==\"\n    {{/if}}\n{{/unless}}\n{{!-- If lazyloading is disabled, just use \"srcset\". If it is not disabled, use \"data-srcset\" so lazysizes will use\n      this after page load --}}\n{{!--\nGenerate the srcset string using the default sizes defined in the helper. This will allow the browser to\npick the best-sized image based on its own understanding of how it will render the page.\n--}}\n{{#unless lazyload '==' 'disabled'}}data-{{/unless}}srcset=\"{{getImageSrcset image use_default_sizes=true }}\"\n{{else if default_image}}src=\"{{cdn default_image}}\"{{/if}}\nclass=\"{{#unless lazyload '==' 'disabled'}}lazyload{{/unless}}{{#if class}} {{class}}{{/if}}\"\n{{#if lazyload '==' 'lazyload'}}loading=\"lazy\"{{/if}}\n{{otherAttributes}} />\n",
  "components/common/share": "{{#if settings.add_this.buttons}}\n    <div class=\"addthis_toolbox addthis_32x32_style\" addthis:url=\"{{url}}\"\n         addthis:title=\"{{title}}\">\n        <ul class=\"socialLinks\">\n            {{#each settings.add_this.buttons}}\n                <li class=\"socialLinks-item socialLinks-item--{{service}}\">\n                    <a class=\"addthis_button_{{service}} icon icon--{{service}}\" {{{annotation}}}>\n                        {{#if service '===' 'facebook'}}\n                            <svg>\n                                <use xlink:href=\"#icon-facebook\"/>\n                            </svg>\n                        {{else if service '===' 'email'}}\n                            <svg>\n                                <use xlink:href=\"#icon-envelope\"/>\n                            </svg>\n                        {{else if service '===' 'print'}}\n                            <svg>\n                                <use xlink:href=\"#icon-print\"/>\n                            </svg>\n                        {{else if service '===' 'twitter'}}\n                            <svg>\n                                <use xlink:href=\"#icon-twitter\"/>\n                            </svg>\n                        {{else if service '===' 'linkedin'}}\n                            <svg>\n                                <use xlink:href=\"#icon-linkedin\"/>\n                            </svg>\n                        {{else if service '===' 'google'}}\n                            <svg>\n                                <use xlink:href=\"#icon-google\"/>\n                            </svg>\n                        {{else if service '===' 'pinterest'}}\n                            <svg>\n                                <use xlink:href=\"#icon-pinterest\"/>\n                            </svg>\n                        {{/if}}\n                    </a>\n                </li>\n            {{/each}}\n        </ul>\n        <script type=\"text/javascript\"\n                defer src=\"//s7.addthis.com/js/300/addthis_widget.js#pubid=ra-4e94ed470ee51e32\"></script>\n        <script>  \n            window.addEventListener('DOMContentLoaded', function() {\n                if (typeof(addthis) === \"object\") {\n                    addthis.toolbox('.addthis_toolbox');\n                }\n            });\n        </script>\n    </div>\n{{/if}}\n{{#if settings.facebook_like_button.enabled}}\n    <iframe \n        class=\"facebook{{#if settings.facebook_like_button.verb '===' 'recommend'}}Recommend{{else}}Like{{/if}}Btn\" \n        style=\"border:none; overflow:hidden; margin: 0; padding: 0; position:absolute\" \n        src=\"https://www.facebook.com/plugins/like.php?href={{settings.facebook_like_button.href}}&amp;layout=button_count{{#if settings.facebook_like_button.verb '===' 'recommend'}}&amp;action=recommend{{/if}}&amp;colorscheme=light&amp;height=20\" \n        scrolling=\"no\" \n        frameborder=\"0\" \n        allowTransparency=\"true\">\n    </iframe>\n{{/if}}",
  "components/common/polyfill-script": "<script>\n    {{!--\n        Check for modern browser features, and load polyfills if browser does not appear to support features\n        we need.\n\n            Polyfill approach is all or nothing - please import needed polyfills in /assets/js/polyfills.js\n\n        Inspired by https://philipwalton.com/articles/loading-polyfills-only-when-needed/\n            --}}\n    function browserSupportsAllFeatures() {\n        return window.Promise\n            && window.fetch\n            && window.URL\n            && window.URLSearchParams\n            && window.WeakMap\n            // object-fit support\n            && ('objectFit' in document.documentElement.style);\n    }\n\n    function loadScript(src) {\n        var js = document.createElement('script');\n        js.src = src;\n        js.onerror = function () {\n            console.error('Failed to load polyfill script ' + src);\n        };\n        document.head.appendChild(js);\n    }\n\n    if (!browserSupportsAllFeatures()) {\n        loadScript('{{cdn 'assets/dist/theme-bundle.polyfills.js'}}');\n    }\n</script>\n",
  "components/common/header": "{{#if banners.top}}\n<div class=\"banners\" data-banner-location=\"top\">\n    {{#each (limit banners.top_metadata 1)}}\n    <div class=\"banner\" data-event-type=\"promotion\" data-entity-id=\"{{this.id}}\" data-name=\"{{this.banner-name}}\" data-position=\"{{this.location}}\" data-banner-id=\"{{this.banner-name}}\">\n        <div data-event-type=\"promotion-click\">\n            {{{this.content}}}\n        </div>\n    </div>\n    {{/each}}\n</div>\n{{/if}}\n<header class=\"header\" role=\"banner\">\n    \n        <a href=\"#\" class=\"mobileMenu-toggle\" data-mobile-menu-toggle=\"menu\">\n            <span class=\"mobileMenu-toggleIcon\">Toggle menu</span>\n        </a>\n        \n        {{#if page_type '===' 'default'}}\n            <div class=\"header-logo header-logo--{{theme_settings.logo-position}}\">\n                {{> components/common/store-logo}}\n            </div>\n        {{else}}\n            <div class=\"header-logo header-logo--{{theme_settings.logo-position}}\">\n                {{> components/common/store-logo}}\n            </div>\n        {{/if}}\n    \n        <div class=\"navPages-container\" id=\"menu\" data-menu>\n            {{> components/common/navigation-menu}}\n        </div>\n        \n        {{> components/common/navigation}}\n            \n</header>\n{{{region name=\"header_bottom\"}}}\n",
  "components/common/footer": "{{#if banners.bottom}}\n    {{#if settings.data_tag_enabled}}\n        <div class=\"banners\" data-banner-location=\"bottom\">\n            {{#each (limit banners.bottom_metadata 1)}}\n                <div class=\"banner\" data-event-type=\"promotion\" data-entity-id=\"{{this.id}}\" data-name=\"{{this.banner-name}}\" data-position=\"{{this.location}}\" data-name=\"{{this.banner-name}}\">\n                    <div data-event-type=\"promotion-click\">\n                        {{{this.content}}}\n                    </div>\n                </div>\n            {{/each}}\n        </div>\n    {{else}}\n        <div class=\"banners\" data-banner-location=\"bottom\">\n            <div class=\"banner\">\n                {{{limit banners.bottom 1}}}\n            </div>\n        </div>\n    {{/if}}\n{{/if}}\n<footer class=\"footer\" role=\"contentinfo\">\n    <h2 class=\"footer-title-sr-only\">{{lang 'footer.title'}}</h2>\n    <div class=\"container\">\n        {{#if theme_settings.social_icon_placement_bottom '!==' 'bottom_none'}}\n            <article class=\"footer-info-col\n                footer-info-col--social\n                footer-info-col--{{#if theme_settings.social_icon_placement_bottom '===' 'bottom_left'}}left{{else}}right{{/if}}\"\n                data-section-type=\"footer-webPages\">\n                    <h3 class=\"footer-info-heading\">{{lang 'social.connect'}}</h3>\n                    {{> components/common/social-links}}\n            </article>\n        {{/if}}\n        <section class=\"footer-info\">\n            <article class=\"footer-info-col footer-info-col--small\" data-section-type=\"footer-webPages\">\n                <img class=\"lazyload\" src={{cdn '/assets/img/logos/testing.png'}}>\n            </article>\n            <article class=\"footer-info-col footer-info-col--small\" data-section-type=\"footer-webPages\">\n                <h3 class=\"footer-info-heading\">{{lang 'footer.navigate'}}</h3>\n                <ul class=\"footer-info-list\">\n                    <li>\n                        <a href=\"/pistol/\">Pistol</a>\n                    </li>\n                    <li>\n                        <a href=\"/rifle/\">Rifle</a>\n                    </li>\n                    <li>\n                        <a href=\"/shotshell/\">Shotshell</a>\n                    </li>\n                    <li>\n                        <a href=\"/shop-all/\">Shop All</a>\n                    </li>      \n                </ul>\n            \n                    <!-- {{#each categories}}\n                        <li>\n                            <a href=\"{{url}}\">{{name}}</a>\n                        </li>\n                    {{/each}} -->\n            </article>\n\n            <article class=\"footer-info-col footer-info-col--small\" data-section-type=\"footer-categories\">\n                <h3 class=\"footer-info-heading\">{{lang 'footer.company'}}</h3>\n                <ul class=\"footer-info-list\">\n                    <li>\n                        <a href=\"/about\">About</a>\n                    </li>\n                    <li>\n                        <a href=\"/contact-us\">Contact</a>\n                    </li>\n                </ul>\n            </article>\n\n            <article class=\"footer-info-col footer-info-col--small\" data-section-type=\"footer-categories\">\n                <h3 class=\"footer-info-heading\">{{lang 'footer.support'}}</h3>\n                <ul class=\"footer-info-list\">\n                    <li>\n                        <a href=\"/faqs/\">FAQS</a>\n                    </li>\n                    <li>\n                        <a href=\"/privacy-policy/\">Privacy Policy</a>\n                    </li>\n                    <li>\n                        <a href=\"/terms-conditions/\">Terms & Conditions</a>\n                    </li>\n                    <li>\n                        <a href=\"/warranty\">Warranty</a>\n                    </li>\n                    <li>\n                        <a href=\"/shipping-returns/\">Shipping & Returns</a>\n                    </li>\n                </ul>\n            </article>\n\n            <!-- {{#and theme_settings.shop_by_brand_show_footer shop_by_brand.length}}\n            <article class=\"footer-info-col footer-info-col--small\" data-section-type=\"footer-brands\">\n                <h3 class=\"footer-info-heading\">{{lang 'footer.brands'}}</h3>\n                <ul class=\"footer-info-list\">\n                    {{#each shop_by_brand}}\n                        <li>\n                            <a href=\"{{url}}\">{{name}}</a>\n                        </li>\n                    {{/each}}\n                    <li><a href=\"{{urls.brands}}\">{{lang 'common.view_all'}}</a></li>\n                </ul>\n            </article>\n            {{/and}} -->\n\n            <!-- {{#if settings.address}}\n            <article class=\"footer-info-col footer-info-col--small\" data-section-type=\"storeInfo\">\n                <h3 class=\"footer-info-heading\">{{lang 'footer.info'}}</h3>\n                <address>{{nl2br settings.address}}</address>\n                {{#if settings.phone_number}}\n                    <strong>{{lang 'footer.call_us' phone_number=settings.phone_number}}</strong>\n                {{/if}}\n            </article>\n            {{/if}} -->\n        </section>\n        <!-- {{#if theme_settings.geotrust_ssl_common_name}}\n            <div class=\"footer-geotrust-ssl-seal\">\n                {{> components/common/geotrust-ssl-seal}}\n            </div>\n        {{/if}} -->\n        <!-- {{#if theme_settings.show_powered_by}}\n            <div class=\"footer-copyright\">\n                <p class=\"powered-by\">Powered by <a href=\"https://www.bigcommerce.com?utm_source=merchant&amp;utm_medium=poweredbyBC\" rel=\"nofollow\">BigCommerce</a></p>\n            </div>\n        {{/if}} -->\n        {{#if theme_settings.show_copyright_footer}}\n            <div class=\"footer-copyright\">\n                <p class=\"powered-by\">&copy; {{moment format=\"YYYY\"}} {{settings.store_name}} </p>\n            </div>\n        {{/if}}\n    </div>\n</footer>\n",
  "components/common/body": "<div class=\"body\" id='main-content' data-currency-code=\"{{currency_selector.active_currency_code}}\">\n    {{#block \"hero\"}} {{/block}}\n    {{#block \"about\"}} {{/block}}\n    <div class=\"container\">\n        {{#block \"page\"}} {{/block}}\n    </div>\n    {{> components/common/sections/join-creed-section}}\n    {{> components/common/modal/modal}}\n    {{> components/common/alert/alert-modal}}\n</div>\n",
  "components/common/store-logo": "<a href=\"{{urls.home}}\" class=\"header-logo__link\">\n    {{#if settings.store_logo.image}}\n        {{#if theme_settings.logo_size '===' 'original'}}\n            <img class=\"header-logo-image-unknown-size\" src=\"{{getImage settings.store_logo.image 'logo_size'}}\" alt=\"{{settings.store_logo.title}}\" title=\"{{settings.store_logo.title}}\">\n        {{else}}\n            <div class=\"header-logo-image-container\">\n                <img class=\"header-logo-image\" src=\"{{getImage settings.store_logo.image 'logo_size'}}\" alt=\"{{settings.store_logo.title}}\" title=\"{{settings.store_logo.title}}\">\n            </div>\n        {{/if}}\n    {{else}}\n        <span class=\"header-logo-text\">{{settings.store_logo.title}}</span>\n    {{/if}}\n</a>\n",
  "components/common/navigation": "<nav class=\"navUser\">\n\n    {{> components/common/currency-selector}}\n\n    <ul class=\"navUser-section navUser-section--alt\">\n        {{#if customer.store_credit.value '>' 0}}\n        <li class=\"navUser-item\">\n            <a class=\"navUser-action navUser-action--storeCredit\" data-dropdown=\"storeCredit-dropdown\"\n                data-options=\"align:bottom\" href=\"{{urls.cart}}\"\n                aria-label=\"{{lang 'common.store_credit_overview' credit=customer.store_credit.formatted}}\">\n                <span class=\"navUser-action-divider\">\n                    {{lang 'common.store_credit_overview' credit=customer.store_credit.formatted}}\n                </span>\n            </a>\n            <div class=\"dropdown-menu\" id=\"storeCredit-dropdown\" data-dropdown-content aria-hidden=\"true\">\n                {{{lang 'common.store_credit' store_credit=customer.store_credit.formatted}}}\n            </div>\n        </li>\n        {{/if}}\n        <li class=\"navUser-item\">\n            <a class=\"navUser-action navUser-item--compare\" href=\"{{urls.compare}}\" data-compare-nav\n                aria-label=\"{{lang 'common.compare'}}\">\n                {{lang 'common.compare'}} <span class=\"countPill countPill--positive countPill--alt\"></span>\n            </a>\n        </li>\n        {{#if theme_settings.social_icon_placement_top}}\n        <li class=\"navUser-item navUser-item--social\">\n            {{> components/common/social-links}}\n        </li>\n        <li class=\"navUser-item navUser-item--divider\">|</li>\n        {{/if}}\n        <!-- <li class=\"navUser-item\">\n            <a class=\"navUser-action navUser-action--quickSearch\" href=\"#\" data-search=\"quickSearch\"\n                aria-controls=\"quickSearch\" aria-expanded=\"false\" aria-label=\"{{lang 'common.search'}}\">\n                {{lang 'common.search'}}\n            </a>\n        </li> -->\n        <!-- {{#if settings.gift_certificates_enabled}}\n        <li class=\"navUser-item\">\n            <a class=\"navUser-action\" href=\"{{urls.gift_certificate.purchase}}\"\n                aria-label=\"{{lang 'common.gift_cert'}}\">\n                {{lang 'common.gift_cert'}}\n            </a>\n        </li>\n        {{/if}} -->\n        <li class=\"navUser-item navUser-item--account\">\n            {{#if customer}}\n            <a class=\"navUser-action\" href=\"{{urls.account.index}}\" aria-label=\"{{lang 'common.account'}}\">\n                {{lang 'common.account'}}\n            </a>\n            <a class=\"navUser-action\" href=\"{{urls.auth.logout}}\" aria-label=\"{{lang 'common.logout'}}\">\n                {{lang 'common.logout'}}\n            </a>\n            {{else}}\n            <a class=\"navUser-action\" href=\"{{urls.auth.login}}\" aria-label=\"{{lang 'common.login'}}\">\n                {{lang 'common.account'}}\n            </a>\n            <!-- {{#if settings.account_creation_enabled}}\n            <span class=\"navUser-or\">{{lang 'common.or'}}</span>\n            <a class=\"navUser-action\" href=\"{{urls.auth.create_account}}\" aria-label=\"{{lang 'common.sign_up'}}\">\n                {{lang 'common.sign_up'}}\n            </a> -->\n            {{/if}}\n            {{/if}}\n        </li>\n        <li class=\"navUser-item navUser-item--cart\">\n            <a class=\"navUser-action\" data-cart-preview data-dropdown=\"cart-preview-dropdown\" data-options=\"align:right\"\n                href=\"{{urls.cart}}\" aria-label=\"{{lang 'cart.nav_aria_label'}}\">\n                <span class=\"navUser-item-cartLabel\">{{lang 'common.cart'}}</span>\n                <span class=\"countPill cart-quantity\"></span>\n            </a>\n            <div class=\"dropdown-menu\" id=\"cart-preview-dropdown\" data-dropdown-content aria-hidden=\"true\"></div>\n        </li>\n    </ul>\n    <div class=\"dropdown dropdown--quickSearch\" id=\"quickSearch\" aria-hidden=\"true\" tabindex=\"-1\"\n        data-prevent-quick-search-close>\n        {{> components/common/quick-search name='nav-quick-search'}}\n    </div>\n</nav>",
  "components/common/geotrust-ssl-seal": "<table width=\"135\" border=\"0\" cellpadding=\"2\" cellspacing=\"0\" title=\"Click to Verify - This site chose GeoTrust SSL for secure e-commerce and confidential communications.\">\n    <tr>\n        <td width=\"135\" align=\"center\" valign=\"top\">\n            <script type=\"text/javascript\" src=\"https://seal.geotrust.com/getgeotrustsslseal?host_name={{theme_settings.geotrust_ssl_common_name}}&amp;size={{theme_settings.geotrust_ssl_seal_size}}&amp;lang={{locale_name}}\"></script><br />\n            <a href=\"http://www.geotrust.com/ssl/\" target=\"_blank\"  style=\"color:#000000; text-decoration:none; font:bold 7px verdana,sans-serif; letter-spacing:.5px; text-align:center; margin:0px; padding:0px;\"></a>\n        </td>\n    </tr>\n</table>\n",
  "components/common/social-links": "{{#if social_media}}\n    <ul class=\"socialLinks socialLinks--alt\">\n        {{#each social_media}}\n            <li class=\"socialLinks-item\">\n                <a class=\"icon icon--{{display_name}}\" href=\"{{url}}\" target=\"_blank\" rel=\"noopener\">\n                    <svg><use xlink:href=\"#icon-{{display_name}}\" /></svg>\n                </a>\n            </li>\n        {{/each}}\n    </ul>\n{{/if}}\n",
  "components/common/sections/join-creed-section": "<div class=\"join-creed-section\">\n    <div class=\"subscription-news\">\n        <h1 class=\"join-title\">Join The Creed</h1>\n        {{> components/common/subscription-form}}\n    </div>\n</div>\n    \n        ",
  "components/common/modal/modal": "<div id=\"modal\" class=\"modal\" data-reveal data-prevent-quick-search-close>\n    {{> components/common/modal/modal-close-btn}}\n    <div class=\"modal-content\"></div>\n    <div class=\"loadingOverlay\"></div>\n</div>\n",
  "components/common/alert/alert-modal": "<div id=\"alert-modal\" class=\"modal modal--alert modal--small\" data-reveal data-prevent-quick-search-close>\n    <div class=\"swal2-icon swal2-error swal2-icon-show\"><span class=\"swal2-x-mark\"><span class=\"swal2-x-mark-line-left\"></span><span class=\"swal2-x-mark-line-right\"></span></span></div>\n\n    <div class=\"modal-content\"></div>\n\n    <div class=\"button-container\"><button type=\"button\" class=\"confirm button\" data-reveal-close>OK</button></div>\n</div>\n",
  "components/common/navigation-menu": "<nav class=\"navPages\">\n    <div class=\"navPages-quickSearch\">\n        {{> components/common/quick-search name='nav-menu-quick-search'}}\n    </div>\n    <ul class=\"navPages-list{{#if theme_settings.navigation_design '!==' 'simple'}} navPages-list-depth-max{{/if}}\">\n        \n            <li class=\"navPages-item\">\n                <a href=\"/pistol/\">Pistol</a>\n            </li>\n\n            <li class=\"navPages-item\">\n                <a href=\"/rifle/\">Rifle</a>\n            </li>\n            \n            <li class=\"navPages-item\">\n                <a href=\"/shotshell/\">Shotshell</a>\n            </li>\n            \n            <li class=\"navPages-item\">\n                <a href=\"/flagship/\">Flagship</a>\n            </li>\n            \n            <li class=\"navPages-item\">\n                <a href=\"/about/\">About</a>\n            </li>\n\n            <li class=\"navPages-item\">\n                <a href=\"/contact-us/\">Contact</a>\n            </li>\n\n        {{#unless theme_settings.hide_content_navigation}}\n            {{#each pages}}\n                 <li class=\"navPages-item navPages-item-page\">\n                     <a class=\"navPages-action{{#if name '==' ../page.title}} activePage{{/if}}\"\n                        href=\"{{url}}\"\n                        aria-label=\"{{name}}\"\n                     >\n                         {{name}}\n                     </a>\n                 </li>\n             {{/each}}\n        {{/unless}}\n    </ul>\n    <ul class=\"navPages-list navPages-list--user\">\n        {{#if currency_selector.currencies.length '>' 1}}\n            <li class=\"navPages-item\">\n                <a class=\"navPages-action has-subMenu\"\n                   href=\"#\"\n                   data-collapsible=\"navPages-currency\"\n                   aria-controls=\"navPages-currency\"\n                   aria-expanded=\"false\"\n                   aria-label=\"{{lang 'common.currency' code=currency_selector.active_currency_code}}\"\n                >\n                    {{lang 'common.currency' code=currency_selector.active_currency_code}}\n                    <i class=\"icon navPages-action-moreIcon\" aria-hidden=\"true\">\n                        <svg>\n                            <use xmlns:xlink=\"http://www.w3.org/1999/xlink\" xlink:href=\"#icon-chevron-down\"></use>\n                        </svg>\n                    </i>\n                </a>\n                <div class=\"navPage-subMenu\" id=\"navPages-currency\" aria-hidden=\"true\" tabindex=\"-1\">\n                    <ul class=\"navPage-subMenu-list\">\n                        {{#each currency_selector.currencies}}\n                        <li class=\"navPage-subMenu-item\">\n                            <a class=\"navPage-subMenu-action navPages-action\"\n                               href=\"{{{switch_url}}}\"\n                               aria-label=\"{{name}}\"\n                            >\n                                {{#if is_active}}\n                                    <strong>{{name}}</strong>\n                                {{else}}\n                                    {{name}}\n                                {{/if}}\n                            </a>\n                        </li>\n                        {{/each}}\n                    </ul>\n                </div>\n            </li>\n        {{/if}}\n        {{#if settings.gift_certificates_enabled}}\n            <li class=\"navPages-item\">\n                <a class=\"navPages-action\"\n                   href=\"{{urls.gift_certificate.purchase}}\"\n                   aria-label=\"{{lang 'common.gift_cert'}}\"\n                >\n                    {{lang 'common.gift_cert'}}\n                </a>\n            </li>\n        {{/if}}\n        {{#if customer.store_credit.value '>' 0}}\n            <li class=\"navPages-item\">\n                <a class=\"navPages-action navPages-action--storeCredit\">\n                    {{lang 'common.store_credit_overview' credit=customer.store_credit.formatted}}\n                </a>\n            </li>\n        {{/if}}\n        {{#if theme_settings.product_list_display_mode '==' 'list'}}\n            <li class=\"navPages-item\">\n                <a class=\"navPages-action navPages-action--compare\"\n                   href=\"{{urls.compare}}\"\n                   data-compare-nav\n                   aria-label=\"{{lang 'common.compare'}}\"\n                >\n                    {{lang 'common.compare'}}\n                    <span class=\"countPill countPill--positive countPill--alt\"></span>\n                </a>\n            </li>\n        {{/if}}\n        {{#if customer}}\n            <li class=\"navPages-item\">\n                <a class=\"navPages-action has-subMenu\"\n                   href=\"{{urls.account.index}}\"\n                   data-collapsible=\"navPages-account\"\n                   aria-label=\"{{lang 'common.account'}}\"\n                >\n                    {{lang 'common.account'}}\n                    <i class=\"icon navPages-action-moreIcon\" aria-hidden=\"true\">\n                        <svg><use xlink:href=\"#icon-chevron-down\" /></svg>\n                    </i>\n                </a>\n                <div class=\"navPage-subMenu\" id=\"navPages-account\" aria-hidden=\"true\" tabindex=\"-1\">\n                    <ul class=\"navPage-subMenu-list\">\n                        <li class=\"navPage-subMenu-item\">\n                            <a class=\"navPage-subMenu-action navPages-action\"\n                               href=\"{{urls.account.orders.all}}\"\n                               aria-label=\"{{lang 'account.nav.orders'}}\"\n                            >\n                                {{lang 'account.nav.orders'}}\n                            </a>\n                        </li>\n                        {{#if settings.returns_enabled}}\n                            <li class=\"navPage-subMenu-item\">\n                                <a class=\"navPage-subMenu-action navPages-action\"\n                                   href=\"{{urls.account.returns}}\"\n                                   aria-label=\"{{lang 'account.nav.returns'}}\"\n                                >\n                                    {{lang 'account.nav.returns'}}\n                                </a>\n                            </li>\n                        {{/if}}\n                        <li class=\"navPage-subMenu-item\">\n                            <a class=\"navPage-subMenu-action navPages-action\"\n                               href=\"{{urls.account.inbox}}\"\n                               aria-label=\"{{lang 'account.mobile_nav.messages'}}\"\n                            >\n                                {{lang 'account.mobile_nav.messages'}}\n                            </a>\n                        </li>\n                        <li class=\"navPage-subMenu-item\">\n                            <a class=\"navPage-subMenu-action navPages-action\"\n                               href=\"{{urls.account.addresses}}\"\n                               aria-label=\"{{lang 'account.nav.addresses'}}\"\n                            >\n                                {{lang 'account.nav.addresses'}}\n                            </a>\n                        </li>\n                        {{#if settings.show_payment_methods}}\n                            <li class=\"navPage-subMenu-item\">\n                                <a class=\"navPage-subMenu-action navPages-action\"\n                                   href=\"{{urls.account.payment_methods.all}}\"\n                                   aria-label=\"{{lang 'account.nav.payment_methods'}}\"\n                                >\n                                    {{lang 'account.nav.payment_methods'}}\n                                </a>\n                            </li>\n                        {{/if}}\n                        <li class=\"navPage-subMenu-item\">\n                            <a class=\"navPage-subMenu-action navPages-action\"\n                               href=\"{{urls.account.wishlists.all}}\"\n                               aria-label=\"{{lang 'account.mobile_nav.wishlists'}}\"\n                            >\n                                {{lang 'account.mobile_nav.wishlists'}}\n                            </a>\n                        </li>\n                        <li class=\"navPage-subMenu-item\">\n                            <a class=\"navPage-subMenu-action navPages-action\"\n                               href=\"{{urls.account.recent_items}}\"\n                               aria-label=\"{{lang 'account.nav.recently_viewed'}}\"\n                            >\n                                {{lang 'account.nav.recently_viewed'}}\n                            </a>\n                        </li>\n                        <li class=\"navPage-subMenu-item\">\n                            <a class=\"navPage-subMenu-action navPages-action\"\n                               href=\"{{urls.account.details}}\"\n                               aria-label=\"{{lang 'account.nav.settings'}}\"\n                            >\n                                {{lang 'account.nav.settings'}}\n                            </a>\n                        </li>\n                    </ul>\n                </div>\n            </li>\n            <li class=\"navPages-item\">\n                <a class=\"navPages-action\"\n                   href=\"{{urls.auth.logout}}\"\n                   aria-label=\"{{lang 'common.logout'}}\"\n                >\n                    {{lang 'common.logout'}}\n                </a>\n            </li>\n        {{else}}\n            <li class=\"navPages-item\">\n                <a class=\"navPages-action\"\n                   href=\"{{urls.auth.login}}\"\n                   aria-label=\"{{lang 'common.login'}}\"\n                >\n                    {{lang 'common.login'}}\n                </a>\n                {{#if settings.account_creation_enabled}}\n                    {{lang 'common.or'}}\n                    <a class=\"navPages-action\"\n                       href=\"{{urls.auth.create_account}}\"\n                       aria-label=\"{{lang 'common.sign_up'}}\"\n                    >\n                        {{lang 'common.sign_up'}}\n                    </a>\n                {{/if}}\n            </li>\n        {{/if}}\n        {{#if theme_settings.social_icon_placement_top}}\n            <li class=\"navPages-item\">\n                {{> components/common/social-links}}\n            </li>\n        {{/if}}\n    </ul>\n</nav>\n",
  "components/common/currency-selector": "{{#if currency_selector.currencies.length '>' 1}}\n<ul class=\"navUser-section\">\n    <li class=\"navUser-item\">\n        <a class=\"navUser-action navUser-action--currencySelector has-dropdown\" href=\"#\" data-dropdown=\"currencySelection\" aria-controls=\"currencySelection\" aria-expanded=\"false\">{{lang 'common.currency' code=currency_selector.active_currency_code}} <i class=\"icon\" aria-hidden=\"true\"><svg><use xlink:href=\"#icon-chevron-down\" /></svg></i></a>\n        <ul class=\"dropdown-menu\" id=\"currencySelection\" data-dropdown-content aria-hidden=\"true\" tabindex=\"-1\">\n            {{#each currency_selector.currencies}}\n            <li class=\"dropdown-menu-item\">\n                <a href=\"{{{switch_url}}}\"\n                   data-currency-code=\"{{{code}}}\"\n                   {{#if cart_currency_switch_url.length '>' 0 }}\n                   data-cart-currency-switch-url=\"{{{cart_currency_switch_url}}}\"\n                   {{/if}}\n                   data-warning=\"{{lang 'common.currency_switch_promotion'}}\"\n                >\n                {{#if is_active}}\n                <strong>{{name}}</strong>\n                {{else}}\n                {{name}}\n                {{/if}}\n                </a>\n            </li>\n            {{/each}}\n        </ul>\n    </li>\n</ul>\n{{/if}}\n",
  "components/common/quick-search": "<div class=\"container\">\n    <form class=\"form\" action=\"{{urls.search}}\">\n        <fieldset class=\"form-fieldset\">\n            <div class=\"form-field\">\n                <label class=\"is-srOnly\" for={{name}}>{{lang \"search.quick_search.input_label\"}}</label>\n                <input class=\"form-input\"\n                       data-search-quick\n                       name={{name}}\n                       id={{name}}\n                       data-error-message=\"{{lang 'search.error.empty_field'}}\"\n                       placeholder=\"{{lang 'search.quick_search.input_placeholder'}}\"\n                       autocomplete=\"off\"\n                >\n            </div>\n        </fieldset>\n    </form>\n    <section class=\"quickSearchResults\" data-bind=\"html: results\"></section>\n</div>\n",
  "components/common/subscription-form": "<h3 class=\"footer-info-heading\">{{lang 'newsletter.subscribe'}}</h3>\n<!-- <p>{{lang 'newsletter.subscribe_intro'}}</p> -->\n\n<form class=\"form\" action=\"{{urls.subscribe.action}}\" method=\"post\">\n    <fieldset class=\"form-fieldset\">\n        <input type=\"hidden\" name=\"action\" value=\"subscribe\">\n        <input type=\"hidden\" name=\"nl_first_name\" value=\"bc\">\n        <input type=\"hidden\" name=\"check\" value=\"1\">\n        <div class=\"form-field\">\n            <label class=\"form-label is-srOnly\" for=\"nl_email\">{{lang 'common.email_address'}}</label>\n            <div class=\"form-prefixPostfix wrap\">\n                <input class=\"form-input\"\n                       id=\"nl_email\"\n                       name=\"nl_email\"\n                       type=\"email\"\n                       value=\"{{customer.email}}\"\n                       placeholder=\"{{lang 'newsletter.email_placeholder'}}\"\n                       aria-describedby=\"alertBox-message-text\"\n                >\n                <input class=\"button button--primary form-prefixPostfix-button--postfix\"\n                       type=\"submit\"\n                       value=\"{{lang 'newsletter.subscribe_submit'}}\"\n                >\n            </div>\n            {{#if settings.show_newsletter_summary }}\n                <div class=\"footer-newsletter-summary\">{{settings.newsletter_summary}}</div>\n            {{/if}}\n        </div>\n    </fieldset>\n</form>\n",
  "components/common/modal/modal-close-btn": "<button class=\"modal-close\"\n        type=\"button\"\n        title=\"{{lang 'common.close'}}\"\n        {{additional_attr}}\n>\n    <span class=\"modal-close__aria-text\">{{lang 'common.close'}}</span>\n    <span aria-hidden=\"true\">&#215;</span>\n</button>\n"
}